loc,abbrev,year,cases,cases_avg
"ALABAMA","AL",1953,3416,5899
"ALABAMA","AL",1954,8433,6690
"ALABAMA","AL",1955,2082,6062
"ALABAMA","AL",1956,7117,6912
"ALABAMA","AL",1957,9264,5919
"ALABAMA","AL",1958,7664,5917
"ALABAMA","AL",1959,3467,5012
"ALABAMA","AL",1960,2075,3635
"ALABAMA","AL",1961,2588,2335
"ALABAMA","AL",1962,2379,5265
"ALABAMA","AL",1963,1165,5319
"ALABAMA","AL",1964,18118,5164
"ALABAMA","AL",1965,2345,4957
"ALABAMA","AL",1966,1814,4756
"ALABAMA","AL",1967,1345,1135
"ALABAMA","AL",1968,158,749
"ALABAMA","AL",1969,12,785
"ALABAMA","AL",1970,417,544
"ALABAMA","AL",1971,1993,516
"ALABAMA","AL",1972,142,518
"ALABAMA","AL",1973,15,435
"ALASKA","AK",1954,1487,
"ALASKA","AK",1955,563,
"ALASKA","AK",1956,2511,1356
"ALASKA","AK",1957,960,1424
"ALASKA","AK",1958,1259,1603
"ALASKA","AK",1959,1829,1301
"ALASKA","AK",1960,1456,1390
"ALASKA","AK",1961,1002,1508
"ALASKA","AK",1962,1406,1374
"ALASKA","AK",1963,1849,1124
"ALASKA","AK",1964,1157,1054
"ALASKA","AK",1965,208,802
"ALASKA","AK",1966,648,433
"ALASKA","AK",1967,148,205
"ALASKA","AK",1968,4,178
"ALASKA","AK",1969,19,57
"ALASKA","AK",1970,73,29
"ALASKA","AK",1971,40,29
"ALASKA","AK",1972,7,25
"ALASKA","AK",1973,5,
"ARIZONA","AZ",1953,5066,6684
"ARIZONA","AZ",1954,4906,5907
"ARIZONA","AZ",1955,10149,6913
"ARIZONA","AZ",1956,6785,7869
"ARIZONA","AZ",1957,7659,8701
"ARIZONA","AZ",1958,9845,7532
"ARIZONA","AZ",1959,9067,7749
"ARIZONA","AZ",1960,4305,7487
"ARIZONA","AZ",1961,7868,7294
"ARIZONA","AZ",1962,6350,6742
"ARIZONA","AZ",1963,8878,6190
"ARIZONA","AZ",1964,6310,5714
"ARIZONA","AZ",1965,1542,4648
"ARIZONA","AZ",1966,5489,2921
"ARIZONA","AZ",1967,1022,1767
"ARIZONA","AZ",1968,243,1659
"ARIZONA","AZ",1969,541,664
"ARIZONA","AZ",1970,1002,633
"ARIZONA","AZ",1971,513,587
"ARIZONA","AZ",1972,868,483
"ARIZONA","AZ",1973,11,299
"ARKANSAS","AR",1953,12827,5898
"ARKANSAS","AR",1954,2561,6068
"ARKANSAS","AR",1955,3052,5704
"ARKANSAS","AR",1956,8637,3739
"ARKANSAS","AR",1957,1441,3390
"ARKANSAS","AR",1958,3002,3098
"ARKANSAS","AR",1959,816,1708
"ARKANSAS","AR",1960,1596,1707
"ARKANSAS","AR",1961,1684,1397
"ARKANSAS","AR",1962,1438,1455
"ARKANSAS","AR",1963,1453,1375
"ARKANSAS","AR",1964,1106,1314
"ARKANSAS","AR",1965,1194,1280
"ARKANSAS","AR",1966,1378,990
"ARKANSAS","AR",1967,1269,769
"ARKANSAS","AR",1968,3,537
"ARKANSAS","AR",1969,3,349
"ARKANSAS","AR",1970,32,97
"ARKANSAS","AR",1971,436,104
"ARKANSAS","AR",1972,13,106
"ARKANSAS","AR",1973,36,100
"CALIFORNIA","CA",1953,53906,56453
"CALIFORNIA","CA",1954,59966,50626
"CALIFORNIA","CA",1955,67560,52960
"CALIFORNIA","CA",1956,32254,49194
"CALIFORNIA","CA",1957,51115,44991
"CALIFORNIA","CA",1958,35074,35923
"CALIFORNIA","CA",1959,38951,36843
"CALIFORNIA","CA",1960,22222,32248
"CALIFORNIA","CA",1961,36853,29239
"CALIFORNIA","CA",1962,28140,27979
"CALIFORNIA","CA",1963,20028,26291
"CALIFORNIA","CA",1964,32650,21976
"CALIFORNIA","CA",1965,13785,17400
"CALIFORNIA","CA",1966,15276,13724
"CALIFORNIA","CA",1967,5260,7368
"CALIFORNIA","CA",1968,1648,4996
"CALIFORNIA","CA",1969,871,2512
"CALIFORNIA","CA",1970,1923,2102
"CALIFORNIA","CA",1971,2859,1933
"CALIFORNIA","CA",1972,3209,1976
"CALIFORNIA","CA",1973,802,2635
"COLORADO","CO",1953,9779,6723
"COLORADO","CO",1954,1897,7042
"COLORADO","CO",1955,4820,6740
"COLORADO","CO",1956,14190,6671
"COLORADO","CO",1957,3013,7699
"COLORADO","CO",1958,9436,8096
"COLORADO","CO",1959,7037,6034
"COLORADO","CO",1960,6806,7232
"COLORADO","CO",1961,3879,6604
"COLORADO","CO",1962,9001,5845
"COLORADO","CO",1963,6298,5685
"COLORADO","CO",1964,3240,5199
"COLORADO","CO",1965,6007,3725
"COLORADO","CO",1966,1447,2565
"COLORADO","CO",1967,1635,1945
"COLORADO","CO",1968,498,770
"COLORADO","CO",1969,139,650
"COLORADO","CO",1970,132,426
"COLORADO","CO",1971,844,360
"COLORADO","CO",1972,519,364
"COLORADO","CO",1973,166,571
"CONNECTICUT","CT",1953,3507,13858
"CONNECTICUT","CT",1954,4423,13473
"CONNECTICUT","CT",1955,29602,9963
"CONNECTICUT","CT",1956,2697,12420
"CONNECTICUT","CT",1957,9587,14142
"CONNECTICUT","CT",1958,15792,10433
"CONNECTICUT","CT",1959,13030,11247
"CONNECTICUT","CT",1960,11057,12887
"CONNECTICUT","CT",1961,6768,10901
"CONNECTICUT","CT",1962,17790,9353
"CONNECTICUT","CT",1963,5859,8985
"CONNECTICUT","CT",1964,5289,7821
"CONNECTICUT","CT",1965,9217,4284
"CONNECTICUT","CT",1966,949,3254
"CONNECTICUT","CT",1967,106,2323
"CONNECTICUT","CT",1968,707,502
"CONNECTICUT","CT",1969,635,549
"CONNECTICUT","CT",1970,115,829
"CONNECTICUT","CT",1971,1184,1051
"CONNECTICUT","CT",1972,1504,960
"CONNECTICUT","CT",1973,1819,963
"DELAWARE","DE",1953,410,712
"DELAWARE","DE",1954,1941,747
"DELAWARE","DE",1955,106,731
"DELAWARE","DE",1956,866,752
"DELAWARE","DE",1957,331,487
"DELAWARE","DE",1958,515,657
"DELAWARE","DE",1959,616,823
"DELAWARE","DE",1960,956,878
"DELAWARE","DE",1961,1698,1016
"DELAWARE","DE",1962,607,971
"DELAWARE","DE",1963,1201,883
"DELAWARE","DE",1964,394,597
"DELAWARE","DE",1965,516,487
"DELAWARE","DE",1966,267,251
"DELAWARE","DE",1967,56,273
"DELAWARE","DE",1968,24,223
"DELAWARE","DE",1969,500,178
"DELAWARE","DE",1970,268,178
"DELAWARE","DE",1971,42,175
"DELAWARE","DE",1972,55,78
"DELAWARE","DE",1973,10,32
"DISTRICT OF COLUMBIA","DC",1953,480,1619
"DISTRICT OF COLUMBIA","DC",1954,3031,1636
"DISTRICT OF COLUMBIA","DC",1955,455,1286
"DISTRICT OF COLUMBIA","DC",1956,1596,1474
"DISTRICT OF COLUMBIA","DC",1957,868,947
"DISTRICT OF COLUMBIA","DC",1958,1420,1098
"DISTRICT OF COLUMBIA","DC",1959,397,852
"DISTRICT OF COLUMBIA","DC",1960,1210,819
"DISTRICT OF COLUMBIA","DC",1961,366,579
"DISTRICT OF COLUMBIA","DC",1962,703,569
"DISTRICT OF COLUMBIA","DC",1963,221,355
"DISTRICT OF COLUMBIA","DC",1964,344,363
"DISTRICT OF COLUMBIA","DC",1965,140,228
"DISTRICT OF COLUMBIA","DC",1966,407,185
"DISTRICT OF COLUMBIA","DC",1967,27,125
"DISTRICT OF COLUMBIA","DC",1968,6,166
"DISTRICT OF COLUMBIA","DC",1969,43,87
"DISTRICT OF COLUMBIA","DC",1970,345,82
"DISTRICT OF COLUMBIA","DC",1971,16,83
"DISTRICT OF COLUMBIA","DC",1972,2,75
"DISTRICT OF COLUMBIA","DC",1973,10,6
"FLORIDA","FL",1953,1355,3966
"FLORIDA","FL",1954,10939,4541
"FLORIDA","FL",1955,1452,4874
"FLORIDA","FL",1956,5149,7073
"FLORIDA","FL",1957,5477,5603
"FLORIDA","FL",1958,12347,6058
"FLORIDA","FL",1959,3592,6367
"FLORIDA","FL",1960,3723,6102
"FLORIDA","FL",1961,6695,4384
"FLORIDA","FL",1962,4154,5071
"FLORIDA","FL",1963,3754,5057
"FLORIDA","FL",1964,7028,4515
"FLORIDA","FL",1965,3652,4045
"FLORIDA","FL",1966,3987,3409
"FLORIDA","FL",1967,1806,2124
"FLORIDA","FL",1968,573,1682
"FLORIDA","FL",1969,602,1329
"FLORIDA","FL",1970,1440,1242
"FLORIDA","FL",1971,2224,1205
"FLORIDA","FL",1972,1369,1129
"FLORIDA","FL",1973,390,858
"GEORGIA","GA",1953,3413,5664
"GEORGIA","GA",1954,6751,5105
"GEORGIA","GA",1955,2473,4670
"GEORGIA","GA",1956,4770,5321
"GEORGIA","GA",1957,5945,4059
"GEORGIA","GA",1958,6664,3608
"GEORGIA","GA",1959,445,2737
"GEORGIA","GA",1960,217,1631
"GEORGIA","GA",1961,413,339
"GEORGIA","GA",1962,418,292
"GEORGIA","GA",1963,200,379
"GEORGIA","GA",1964,211,346
"GEORGIA","GA",1965,655,270
"GEORGIA","GA",1966,244,231
"GEORGIA","GA",1967,42,189
"GEORGIA","GA",1968,4,62
"GEORGIA","GA",1969,2,239
"GEORGIA","GA",1970,18,266
"GEORGIA","GA",1971,1130,275
"GEORGIA","GA",1972,176,275
"GEORGIA","GA",1973,50,280
"HAWAII","HI",1954,483,
"HAWAII","HI",1955,6364,
"HAWAII","HI",1956,5154,3520
"HAWAII","HI",1957,5024,4161
"HAWAII","HI",1958,575,3952
"HAWAII","HI",1959,3686,2960
"HAWAII","HI",1960,5322,2485
"HAWAII","HI",1961,195,3082
"HAWAII","HI",1962,2649,2517
"HAWAII","HI",1963,3559,2264
"HAWAII","HI",1964,862,2254
"HAWAII","HI",1965,4054,1758
"HAWAII","HI",1966,144,1054
"HAWAII","HI",1967,172,892
"HAWAII","HI",1968,37,120
"HAWAII","HI",1969,53,188
"HAWAII","HI",1970,192,173
"HAWAII","HI",1971,488,169
"HAWAII","HI",1972,96,171
"HAWAII","HI",1973,18,146
"IDAHO","ID",1953,1945,2062
"IDAHO","ID",1954,4402,2039
"IDAHO","ID",1955,695,2446
"IDAHO","ID",1956,1994,2822
"IDAHO","ID",1957,3195,2266
"IDAHO","ID",1958,3824,2694
"IDAHO","ID",1959,1624,2680
"IDAHO","ID",1960,2831,2365
"IDAHO","ID",1961,1927,2382
"IDAHO","ID",1962,1620,2515
"IDAHO","ID",1963,3910,2564
"IDAHO","ID",1964,2286,2527
"IDAHO","ID",1965,3079,2286
"IDAHO","ID",1966,1741,1508
"IDAHO","ID",1967,413,1069
"IDAHO","ID",1968,21,472
"IDAHO","ID",1969,90,179
"IDAHO","ID",1970,96,118
"IDAHO","ID",1971,276,165
"IDAHO","ID",1972,109,158
"IDAHO","ID",1973,256,143
"ILLINOIS","IL",1953,16234,21744
"ILLINOIS","IL",1954,33037,26816
"ILLINOIS","IL",1955,13959,22997
"ILLINOIS","IL",1956,42124,24359
"ILLINOIS","IL",1957,9632,19674
"ILLINOIS","IL",1958,23045,21414
"ILLINOIS","IL",1959,9611,16210
"ILLINOIS","IL",1960,22656,17643
"ILLINOIS","IL",1961,16108,15083
"ILLINOIS","IL",1962,16795,16321
"ILLINOIS","IL",1963,10247,12630
"ILLINOIS","IL",1964,15801,11786
"ILLINOIS","IL",1965,4197,8688
"ILLINOIS","IL",1966,11889,6935
"ILLINOIS","IL",1967,1306,3994
"ILLINOIS","IL",1968,1483,3812
"ILLINOIS","IL",1969,1097,2086
"ILLINOIS","IL",1970,3286,2708
"ILLINOIS","IL",1971,3259,2851
"ILLINOIS","IL",1972,4416,3043
"ILLINOIS","IL",1973,2196,2759
"INDIANA","IN",1953,7353,9017
"INDIANA","IN",1954,22020,11455
"INDIANA","IN",1955,3751,11557
"INDIANA","IN",1956,16415,13721
"INDIANA","IN",1957,8245,10236
"INDIANA","IN",1958,18173,11571
"INDIANA","IN",1959,4595,9468
"INDIANA","IN",1960,10427,9351
"INDIANA","IN",1961,5898,6890
"INDIANA","IN",1962,7661,10428
"INDIANA","IN",1963,5871,8812
"INDIANA","IN",1964,22281,8799
"INDIANA","IN",1965,2351,7403
"INDIANA","IN",1966,5832,6386
"INDIANA","IN",1967,678,2024
"INDIANA","IN",1968,789,1611
"INDIANA","IN",1969,471,1059
"INDIANA","IN",1970,287,1176
"INDIANA","IN",1971,3068,1159
"INDIANA","IN",1972,1267,1117
"INDIANA","IN",1973,701,1163
"IOWA","IA",1953,10871,7637
"IOWA","IA",1954,12464,8755
"IOWA","IA",1955,7858,9652
"IOWA","IA",1956,8309,9990
"IOWA","IA",1957,8760,9791
"IOWA","IA",1958,12560,8572
"IOWA","IA",1959,11468,7972
"IOWA","IA",1960,1764,8385
"IOWA","IA",1961,5306,7411
"IOWA","IA",1962,10825,9620
"IOWA","IA",1963,7693,11129
"IOWA","IA",1964,22512,11158
"IOWA","IA",1965,9307,9159
"IOWA","IA",1966,5455,7653
"IOWA","IA",1967,826,3205
"IOWA","IA",1968,166,1383
"IOWA","IA",1969,270,833
"IOWA","IA",1970,199,850
"IOWA","IA",1971,2702,875
"IOWA","IA",1972,911,833
"IOWA","IA",1973,292,934
"KANSAS","KS",1953,14984,7504
"KANSAS","KS",1954,1346,6067
"KANSAS","KS",1955,3015,4723
"KANSAS","KS",1956,4254,1740
"KANSAS","KS",1957,14,
"KANSAS","KS",1958,71,
"KANSAS","KS",1967,97,
"KANSAS","KS",1968,21,
"KANSAS","KS",1969,9,320
"KANSAS","KS",1970,76,309
"KANSAS","KS",1971,1399,310
"KANSAS","KS",1972,39,342
"KANSAS","KS",1973,27,756
"KENTUCKY","KY",1953,4559,11123
"KENTUCKY","KY",1954,29761,12922
"KENTUCKY","KY",1955,2188,14135
"KENTUCKY","KY",1956,17687,16893
"KENTUCKY","KY",1957,16479,12270
"KENTUCKY","KY",1958,18348,13979
"KENTUCKY","KY",1959,6647,12693
"KENTUCKY","KY",1960,10734,10643
"KENTUCKY","KY",1961,11259,8738
"KENTUCKY","KY",1962,6229,10423
"KENTUCKY","KY",1963,8819,9015
"KENTUCKY","KY",1964,15076,7756
"KENTUCKY","KY",1965,3693,6807
"KENTUCKY","KY",1966,4961,5071
"KENTUCKY","KY",1967,1486,2071
"KENTUCKY","KY",1968,141,1540
"KENTUCKY","KY",1969,72,1285
"KENTUCKY","KY",1970,1040,1085
"KENTUCKY","KY",1971,3687,1137
"KENTUCKY","KY",1972,483,1158
"KENTUCKY","KY",1973,402,981
"LOUISIANA","LA",1953,4478,2087
"LOUISIANA","LA",1954,3025,2073
"LOUISIANA","LA",1955,181,2187
"LOUISIANA","LA",1956,2112,1349
"LOUISIANA","LA",1957,1141,757
"LOUISIANA","LA",1958,285,770
"LOUISIANA","LA",1959,68,356
"LOUISIANA","LA",1960,244,174
"LOUISIANA","LA",1961,41,145
"LOUISIANA","LA",1962,230,155
"LOUISIANA","LA",1963,143,132
"LOUISIANA","LA",1964,117,146
"LOUISIANA","LA",1965,131,132
"LOUISIANA","LA",1966,110,105
"LOUISIANA","LA",1967,159,106
"LOUISIANA","LA",1968,7,142
"LOUISIANA","LA",1969,124,457
"LOUISIANA","LA",1970,309,450
"LOUISIANA","LA",1971,1686,466
"LOUISIANA","LA",1972,123,444
"LOUISIANA","LA",1973,89,383
"MAINE","ME",1953,1976,5165
"MAINE","ME",1954,5597,5028
"MAINE","ME",1955,6694,3981
"MAINE","ME",1956,1082,4459
"MAINE","ME",1957,4556,3857
"MAINE","ME",1958,4367,3324
"MAINE","ME",1959,2588,3663
"MAINE","ME",1960,4027,4179
"MAINE","ME",1961,2777,3402
"MAINE","ME",1962,7137,3627
"MAINE","ME",1963,482,3409
"MAINE","ME",1964,3713,2916
"MAINE","ME",1965,2934,1531
"MAINE","ME",1966,312,1436
"MAINE","ME",1967,212,693
"MAINE","ME",1968,7,189
"MAINE","ME",1969,1,375
"MAINE","ME",1970,415,375
"MAINE","ME",1971,1239,375
"MAINE","ME",1972,211,382
"MAINE","ME",1973,11,300
"MARYLAND","MD",1953,2837,6337
"MARYLAND","MD",1954,11632,6770
"MARYLAND","MD",1955,2230,5547
"MARYLAND","MD",1956,8736,6237
"MARYLAND","MD",1957,2298,4377
"MARYLAND","MD",1958,6287,4581
"MARYLAND","MD",1959,2333,3661
"MARYLAND","MD",1960,3251,3832
"MARYLAND","MD",1961,4137,2982
"MARYLAND","MD",1962,3154,3140
"MARYLAND","MD",1963,2034,2733
"MARYLAND","MD",1964,3125,2345
"MARYLAND","MD",1965,1213,1751
"MARYLAND","MD",1966,2199,1365
"MARYLAND","MD",1967,182,759
"MARYLAND","MD",1968,104,794
"MARYLAND","MD",1969,96,466
"MARYLAND","MD",1970,1391,432
"MARYLAND","MD",1971,557,414
"MARYLAND","MD",1972,12,400
"MARYLAND","MD",1973,14,134
"MASSACHUSETTS","MA",1953,5483,27299
"MASSACHUSETTS","MA",1954,21519,25082
"MASSACHUSETTS","MA",1955,48909,18122
"MASSACHUSETTS","MA",1956,3522,24189
"MASSACHUSETTS","MA",1957,11178,21147
"MASSACHUSETTS","MA",1958,35819,15705
"MASSACHUSETTS","MA",1959,6305,19348
"MASSACHUSETTS","MA",1960,21703,22494
"MASSACHUSETTS","MA",1961,21735,16230
"MASSACHUSETTS","MA",1962,26910,16450
"MASSACHUSETTS","MA",1963,4495,16006
"MASSACHUSETTS","MA",1964,7407,11830
"MASSACHUSETTS","MA",1965,19485,6531
"MASSACHUSETTS","MA",1966,851,5742
"MASSACHUSETTS","MA",1967,416,4335
"MASSACHUSETTS","MA",1968,552,616
"MASSACHUSETTS","MA",1969,371,541
"MASSACHUSETTS","MA",1970,891,707
"MASSACHUSETTS","MA",1971,475,1395
"MASSACHUSETTS","MA",1972,1246,1402
"MASSACHUSETTS","MA",1973,3992,1255
"MICHIGAN","MI",1953,22566,26003
"MICHIGAN","MI",1954,39298,31148
"MICHIGAN","MI",1955,23428,28713
"MICHIGAN","MI",1956,40333,32333
"MICHIGAN","MI",1957,17939,26767
"MICHIGAN","MI",1958,40667,29157
"MICHIGAN","MI",1959,11469,26607
"MICHIGAN","MI",1960,35379,28080
"MICHIGAN","MI",1961,27580,28273
"MICHIGAN","MI",1962,25303,31783
"MICHIGAN","MI",1963,41632,30265
"MICHIGAN","MI",1964,29023,27821
"MICHIGAN","MI",1965,27785,22990
"MICHIGAN","MI",1966,15360,14734
"MICHIGAN","MI",1967,1151,9007
"MICHIGAN","MI",1968,351,3813
"MICHIGAN","MI",1969,386,1257
"MICHIGAN","MI",1970,1815,1490
"MICHIGAN","MI",1971,2583,2269
"MICHIGAN","MI",1972,2313,2651
"MICHIGAN","MI",1973,4249,2927
"MINNESOTA","MN",1953,4117,4110
"MINNESOTA","MN",1954,2756,3798
"MINNESOTA","MN",1955,7267,4603
"MINNESOTA","MN",1956,1320,4031
"MINNESOTA","MN",1957,7556,4018
"MINNESOTA","MN",1958,1254,3430
"MINNESOTA","MN",1959,2694,3309
"MINNESOTA","MN",1960,4325,2131
"MINNESOTA","MN",1961,714,2422
"MINNESOTA","MN",1962,1667,1952
"MINNESOTA","MN",1963,2710,1268
"MINNESOTA","MN",1964,345,1471
"MINNESOTA","MN",1965,906,1165
"MINNESOTA","MN",1966,1727,626
"MINNESOTA","MN",1967,137,563
"MINNESOTA","MN",1968,17,391
"MINNESOTA","MN",1969,27,60
"MINNESOTA","MN",1970,49,38
"MINNESOTA","MN",1971,71,39
"MINNESOTA","MN",1972,26,45
"MINNESOTA","MN",1973,24,45
"MISSISSIPPI","MS",1953,2464,2055
"MISSISSIPPI","MS",1954,3004,2100
"MISSISSIPPI","MS",1955,1449,2092
"MISSISSIPPI","MS",1956,2248,1881
"MISSISSIPPI","MS",1957,1296,1564
"MISSISSIPPI","MS",1958,1408,1608
"MISSISSIPPI","MS",1959,1421,1462
"MISSISSIPPI","MS",1960,1665,1737
"MISSISSIPPI","MS",1961,1520,1589
"MISSISSIPPI","MS",1962,2670,2477
"MISSISSIPPI","MS",1963,671,2374
"MISSISSIPPI","MS",1964,5859,2326
"MISSISSIPPI","MS",1965,1149,1928
"MISSISSIPPI","MS",1966,1281,1842
"MISSISSIPPI","MS",1967,678,674
"MISSISSIPPI","MS",1968,241,469
"MISSISSIPPI","MS",1969,23,513
"MISSISSIPPI","MS",1970,124,419
"MISSISSIPPI","MS",1971,1497,384
"MISSISSIPPI","MS",1972,210,382
"MISSISSIPPI","MS",1973,65,365
"MISSOURI","MO",1953,8770,4901
"MISSOURI","MO",1954,1501,4388
"MISSOURI","MO",1955,4200,4806
"MISSOURI","MO",1956,5200,3742
"MISSOURI","MO",1957,4359,4163
"MISSOURI","MO",1958,3450,3473
"MISSOURI","MO",1959,3605,3321
"MISSOURI","MO",1960,751,2726
"MISSOURI","MO",1961,4441,2598
"MISSOURI","MO",1962,1382,2092
"MISSOURI","MO",1963,2812,2478
"MISSOURI","MO",1964,1074,1705
"MISSOURI","MO",1965,2681,1496
"MISSOURI","MO",1966,575,940
"MISSOURI","MO",1967,340,740
"MISSOURI","MO",1968,32,360
"MISSOURI","MO",1969,74,651
"MISSOURI","MO",1970,778,619
"MISSOURI","MO",1971,2031,624
"MISSOURI","MO",1972,179,665
"MISSOURI","MO",1973,56,562
"MONTANA","MT",1953,3347,3497
"MONTANA","MT",1954,4666,4332
"MONTANA","MT",1955,2896,4229
"MONTANA","MT",1956,6669,4979
"MONTANA","MT",1957,3567,4883
"MONTANA","MT",1958,7096,4730
"MONTANA","MT",1959,4185,3850
"MONTANA","MT",1960,2132,4786
"MONTANA","MT",1961,2270,4045
"MONTANA","MT",1962,8246,4026
"MONTANA","MT",1963,3391,4382
"MONTANA","MT",1964,4092,4317
"MONTANA","MT",1965,3911,2736
"MONTANA","MT",1966,1945,2072
"MONTANA","MT",1967,343,1277
"MONTANA","MT",1968,68,517
"MONTANA","MT",1969,118,285
"MONTANA","MT",1970,109,220
"MONTANA","MT",1971,789,278
"MONTANA","MT",1972,15,326
"MONTANA","MT",1973,358,315
"NEBRASKA","NE",1953,2456,1795
"NEBRASKA","NE",1954,2568,2184
"NEBRASKA","NE",1955,178,1587
"NEBRASKA","NE",1956,2495,1396
"NEBRASKA","NE",1957,236,965
"NEBRASKA","NE",1958,1505,971
"NEBRASKA","NE",1959,410,600
"NEBRASKA","NE",1960,210,577
"NEBRASKA","NE",1961,639,322
"NEBRASKA","NE",1962,119,402
"NEBRASKA","NE",1963,234,454
"NEBRASKA","NE",1964,810,360
"NEBRASKA","NE",1965,470,443
"NEBRASKA","NE",1966,169,410
"NEBRASKA","NE",1967,532,373
"NEBRASKA","NE",1968,67,436
"NEBRASKA","NE",1969,625,416
"NEBRASKA","NE",1970,787,315
"NEBRASKA","NE",1971,71,303
"NEBRASKA","NE",1972,24,196
"NEBRASKA","NE",1973,6,118
"NEVADA","NV",1953,229,365
"NEVADA","NV",1954,388,334
"NEVADA","NV",1955,404,541
"NEVADA","NV",1956,138,535
"NEVADA","NV",1957,1547,580
"NEVADA","NV",1958,198,652
"NEVADA","NV",1959,614,749
"NEVADA","NV",1960,765,575
"NEVADA","NV",1961,623,589
"NEVADA","NV",1962,674,665
"NEVADA","NV",1963,269,557
"NEVADA","NV",1964,996,445
"NEVADA","NV",1965,223,364
"NEVADA","NV",1966,64,312
"NEVADA","NV",1967,269,113
"NEVADA","NV",1968,8,73
"NEVADA","NV",1969,1,61
"NEVADA","NV",1970,21,7
"NEVADA","NV",1971,5,6
"NEVADA","NV",1972,1,44
"NEVADA","NV",1973,1,45
"NEW HAMPSHIRE","NH",1953,479,1915
"NEW HAMPSHIRE","NH",1954,897,1747
"NEW HAMPSHIRE","NH",1955,4644,1323
"NEW HAMPSHIRE","NH",1956,200,1655
"NEW HAMPSHIRE","NH",1957,394,1566
"NEW HAMPSHIRE","NH",1958,2138,865
"NEW HAMPSHIRE","NH",1959,456,1115
"NEW HAMPSHIRE","NH",1960,1135,1243
"NEW HAMPSHIRE","NH",1961,1450,823
"NEW HAMPSHIRE","NH",1962,1034,911
"NEW HAMPSHIRE","NH",1963,42,755
"NEW HAMPSHIRE","NH",1964,893,481
"NEW HAMPSHIRE","NH",1965,358,279
"NEW HAMPSHIRE","NH",1966,79,288
"NEW HAMPSHIRE","NH",1967,24,153
"NEW HAMPSHIRE","NH",1968,88,94
"NEW HAMPSHIRE","NH",1969,215,118
"NEW HAMPSHIRE","NH",1970,64,266
"NEW HAMPSHIRE","NH",1971,201,396
"NEW HAMPSHIRE","NH",1972,762,384
"NEW HAMPSHIRE","NH",1973,737,375
"NEW JERSEY","NJ",1953,6498,35002
"NEW JERSEY","NJ",1954,23421,34846
"NEW JERSEY","NJ",1955,51688,25445
"NEW JERSEY","NJ",1956,19110,29200
"NEW JERSEY","NJ",1957,26507,30557
"NEW JERSEY","NJ",1958,25274,22359
"NEW JERSEY","NJ",1959,30207,22215
"NEW JERSEY","NJ",1960,10697,23419
"NEW JERSEY","NJ",1961,18391,20463
"NEW JERSEY","NJ",1962,32528,16770
"NEW JERSEY","NJ",1963,10490,15405
"NEW JERSEY","NJ",1964,11744,12183
"NEW JERSEY","NJ",1965,3874,5800
"NEW JERSEY","NJ",1966,2281,3839
"NEW JERSEY","NJ",1967,612,1687
"NEW JERSEY","NJ",1968,682,1254
"NEW JERSEY","NJ",1969,985,1050
"NEW JERSEY","NJ",1970,1710,1011
"NEW JERSEY","NJ",1971,1261,1022
"NEW JERSEY","NJ",1972,415,1892
"NEW JERSEY","NJ",1973,739,1646
"NEW MEXICO","NM",1953,5179,3322
"NEW MEXICO","NM",1954,2677,3692
"NEW MEXICO","NM",1955,5085,4651
"NEW MEXICO","NM",1956,3992,5232
"NEW MEXICO","NM",1957,6324,5586
"NEW MEXICO","NM",1958,8082,4582
"NEW MEXICO","NM",1959,4448,3788
"NEW MEXICO","NM",1960,65,
"NEW MEXICO","NM",1961,20,
"NEW MEXICO","NM",1964,1118,
"NEW MEXICO","NM",1965,689,
"NEW MEXICO","NM",1966,1273,774
"NEW MEXICO","NM",1967,612,607
"NEW MEXICO","NM",1968,176,529
"NEW MEXICO","NM",1969,283,351
"NEW MEXICO","NM",1970,302,256
"NEW MEXICO","NM",1971,384,252
"NEW MEXICO","NM",1972,134,208
"NEW MEXICO","NM",1973,158,169
"NEW YORK","NY",1953,15208,51713
"NEW YORK","NY",1954,85409,54412
"NEW YORK","NY",1955,39649,45574
"NEW YORK","NY",1956,49716,54624
"NEW YORK","NY",1957,37889,42221
"NEW YORK","NY",1958,60457,43628
"NEW YORK","NY",1959,23392,40758
"NEW YORK","NY",1960,46685,42625
"NEW YORK","NY",1961,35367,34293
"NEW YORK","NY",1962,47224,35135
"NEW YORK","NY",1963,18799,27413
"NEW YORK","NY",1964,27599,22762
"NEW YORK","NY",1965,8078,13559
"NEW YORK","NY",1966,12112,10559
"NEW YORK","NY",1967,1205,6131
"NEW YORK","NY",1968,3799,4822
"NEW YORK","NY",1969,5461,3263
"NEW YORK","NY",1970,1532,3142
"NEW YORK","NY",1971,4317,2737
"NEW YORK","NY",1972,601,1939
"NEW YORK","NY",1973,1773,1877
"NORTH CAROLINA","NC",1953,4803,4596
"NORTH CAROLINA","NC",1954,9459,5457
"NORTH CAROLINA","NC",1955,1278,5037
"NORTH CAROLINA","NC",1956,7705,4897
"NORTH CAROLINA","NC",1957,1941,3657
"NORTH CAROLINA","NC",1958,4103,3650
"NORTH CAROLINA","NC",1959,3260,3141
"NORTH CAROLINA","NC",1960,1239,2934
"NORTH CAROLINA","NC",1961,5162,2403
"NORTH CAROLINA","NC",1962,907,2004
"NORTH CAROLINA","NC",1963,1449,1840
"NORTH CAROLINA","NC",1964,1265,964
"NORTH CAROLINA","NC",1965,416,971
"NORTH CAROLINA","NC",1966,781,746
"NORTH CAROLINA","NC",1967,943,561
"NORTH CAROLINA","NC",1968,324,669
"NORTH CAROLINA","NC",1969,341,902
"NORTH CAROLINA","NC",1970,956,721
"NORTH CAROLINA","NC",1971,1945,657
"NORTH CAROLINA","NC",1972,37,590
"NORTH CAROLINA","NC",1973,6,399
"NORTH DAKOTA","ND",1953,1576,2422
"NORTH DAKOTA","ND",1954,2750,2349
"NORTH DAKOTA","ND",1955,2501,2618
"NORTH DAKOTA","ND",1956,2222,3169
"NORTH DAKOTA","ND",1957,4042,3731
"NORTH DAKOTA","ND",1958,4330,3726
"NORTH DAKOTA","ND",1959,5559,3844
"NORTH DAKOTA","ND",1960,2476,3779
"NORTH DAKOTA","ND",1961,2814,3786
"NORTH DAKOTA","ND",1962,3715,3730
"NORTH DAKOTA","ND",1963,4366,4042
"NORTH DAKOTA","ND",1964,5278,3756
"NORTH DAKOTA","ND",1965,4035,3192
"NORTH DAKOTA","ND",1966,1386,2347
"NORTH DAKOTA","ND",1967,896,1308
"NORTH DAKOTA","ND",1968,142,565
"NORTH DAKOTA","ND",1969,81,335
"NORTH DAKOTA","ND",1970,321,168
"NORTH DAKOTA","ND",1971,236,154
"NORTH DAKOTA","ND",1972,59,145
"NORTH DAKOTA","ND",1973,71,251
"OHIO","OH",1953,27379,23478
"OHIO","OH",1954,28472,27437
"OHIO","OH",1955,15266,24624
"OHIO","OH",1956,43946,25153
"OHIO","OH",1957,8058,21865
"OHIO","OH",1958,30025,22533
"OHIO","OH",1959,12029,17857
"OHIO","OH",1960,18605,18598
"OHIO","OH",1961,20569,15522
"OHIO","OH",1962,11763,16970
"OHIO","OH",1963,14646,15098
"OHIO","OH",1964,19266,12291
"OHIO","OH",1965,9246,10182
"OHIO","OH",1966,6534,7320
"OHIO","OH",1967,1220,3577
"OHIO","OH",1968,334,2534
"OHIO","OH",1969,550,2015
"OHIO","OH",1970,4031,1830
"OHIO","OH",1971,3939,1844
"OHIO","OH",1972,296,2326
"OHIO","OH",1973,403,1543
"OKLAHOMA","OK",1953,3794,3947
"OKLAHOMA","OK",1954,3359,4336
"OKLAHOMA","OK",1955,2991,4336
"OKLAHOMA","OK",1956,10011,5018
"OKLAHOMA","OK",1957,1525,4480
"OKLAHOMA","OK",1958,7206,4124
"OKLAHOMA","OK",1959,668,2241
"OKLAHOMA","OK",1960,1208,2356
"OKLAHOMA","OK",1961,598,984
"OKLAHOMA","OK",1962,2099,1058
"OKLAHOMA","OK",1963,346,864
"OKLAHOMA","OK",1964,1038,869
"OKLAHOMA","OK",1965,238,611
"OKLAHOMA","OK",1966,626,560
"OKLAHOMA","OK",1967,805,381
"OKLAHOMA","OK",1968,95,484
"OKLAHOMA","OK",1969,142,501
"OKLAHOMA","OK",1970,752,343
"OKLAHOMA","OK",1971,713,336
"OKLAHOMA","OK",1972,12,313
"OKLAHOMA","OK",1973,61,203
"OREGON","OR",1953,8990,6165
"OREGON","OR",1954,3944,4696
"OREGON","OR",1955,4892,7013
"OREGON","OR",1956,2293,7032
"OREGON","OR",1957,14944,7806
"OREGON","OR",1958,9088,9043
"OREGON","OR",1959,7815,9735
"OREGON","OR",1960,11074,9532
"OREGON","OR",1961,5755,8672
"OREGON","OR",1962,13929,8820
"OREGON","OR",1963,4787,7305
"OREGON","OR",1964,8553,6658
"OREGON","OR",1965,3502,4215
"OREGON","OR",1966,2517,3381
"OREGON","OR",1967,1717,1711
"OREGON","OR",1968,614,1100
"OREGON","OR",1969,204,668
"OREGON","OR",1970,450,363
"OREGON","OR",1971,355,330
"OREGON","OR",1972,193,294
"OREGON","OR",1973,446,243
"PENNSYLVANIA","PA",1953,18545,29056
"PENNSYLVANIA","PA",1954,36995,31427
"PENNSYLVANIA","PA",1955,19736,26312
"PENNSYLVANIA","PA",1956,43664,29396
"PENNSYLVANIA","PA",1957,12619,27559
"PENNSYLVANIA","PA",1958,33968,24965
"PENNSYLVANIA","PA",1959,27808,21384
"PENNSYLVANIA","PA",1960,6767,20748
"PENNSYLVANIA","PA",1961,25758,16378
"PENNSYLVANIA","PA",1962,9437,13164
"PENNSYLVANIA","PA",1963,12122,13094
"PENNSYLVANIA","PA",1964,11736,9088
"PENNSYLVANIA","PA",1965,6419,7359
"PENNSYLVANIA","PA",1966,5724,4993
"PENNSYLVANIA","PA",1967,792,2897
"PENNSYLVANIA","PA",1968,295,2032
"PENNSYLVANIA","PA",1969,1253,1262
"PENNSYLVANIA","PA",1970,2097,1115
"PENNSYLVANIA","PA",1971,1872,1136
"PENNSYLVANIA","PA",1972,56,1061
"PENNSYLVANIA","PA",1973,404,755
"RHODE ISLAND","RI",1953,1083,3022
"RHODE ISLAND","RI",1954,1770,2881
"RHODE ISLAND","RI",1955,5533,1827
"RHODE ISLAND","RI",1956,188,2463
"RHODE ISLAND","RI",1957,563,2171
"RHODE ISLAND","RI",1958,4263,1454
"RHODE ISLAND","RI",1959,308,2731
"RHODE ISLAND","RI",1960,1948,3279
"RHODE ISLAND","RI",1961,6573,2671
"RHODE ISLAND","RI",1962,3301,3103
"RHODE ISLAND","RI",1963,1223,3508
"RHODE ISLAND","RI",1964,2472,2211
"RHODE ISLAND","RI",1965,3970,1563
"RHODE ISLAND","RI",1966,90,1332
"RHODE ISLAND","RI",1967,61,841
"RHODE ISLAND","RI",1968,67,69
"RHODE ISLAND","RI",1969,18,97
"RHODE ISLAND","RI",1970,110,186
"RHODE ISLAND","RI",1971,227,302
"RHODE ISLAND","RI",1972,509,311
"RHODE ISLAND","RI",1973,647,290
"SOUTH CAROLINA","SC",1953,2031,2300
"SOUTH CAROLINA","SC",1954,5545,3865
"SOUTH CAROLINA","SC",1955,1144,4558
"SOUTH CAROLINA","SC",1956,8576,6328
"SOUTH CAROLINA","SC",1957,5495,5608
"SOUTH CAROLINA","SC",1958,10879,5636
"SOUTH CAROLINA","SC",1959,1946,4579
"SOUTH CAROLINA","SC",1960,1284,3666
"SOUTH CAROLINA","SC",1961,3292,1962
"SOUTH CAROLINA","SC",1962,930,2373
"SOUTH CAROLINA","SC",1963,2356,2360
"SOUTH CAROLINA","SC",1964,4001,1842
"SOUTH CAROLINA","SC",1965,1219,1760
"SOUTH CAROLINA","SC",1966,706,1296
"SOUTH CAROLINA","SC",1967,517,523
"SOUTH CAROLINA","SC",1968,38,406
"SOUTH CAROLINA","SC",1969,136,439
"SOUTH CAROLINA","SC",1970,634,378
"SOUTH CAROLINA","SC",1971,872,386
"SOUTH CAROLINA","SC",1972,210,371
"SOUTH CAROLINA","SC",1973,79,247
"SOUTH DAKOTA","SD",1953,465,669
"SOUTH DAKOTA","SD",1954,806,641
"SOUTH DAKOTA","SD",1955,390,573
"SOUTH DAKOTA","SD",1956,581,504
"SOUTH DAKOTA","SD",1957,624,515
"SOUTH DAKOTA","SD",1958,121,461
"SOUTH DAKOTA","SD",1959,861,375
"SOUTH DAKOTA","SD",1960,120,341
"SOUTH DAKOTA","SD",1961,151,335
"SOUTH DAKOTA","SD",1962,453,176
"SOUTH DAKOTA","SD",1963,89,176
"SOUTH DAKOTA","SD",1964,69,153
"SOUTH DAKOTA","SD",1965,116,74
"SOUTH DAKOTA","SD",1966,40,57
"SOUTH DAKOTA","SD",1967,58,44
"SOUTH DAKOTA","SD",1968,4,42
"SOUTH DAKOTA","SD",1969,3,77
"SOUTH DAKOTA","SD",1970,106,68
"SOUTH DAKOTA","SD",1971,213,67
"SOUTH DAKOTA","SD",1972,12,72
"SOUTH DAKOTA","SD",1973,3,87
"TENNESSEE","TN",1953,3136,6714
"TENNESSEE","TN",1954,13850,10374
"TENNESSEE","TN",1955,6051,11954
"TENNESSEE","TN",1956,21071,16835
"TENNESSEE","TN",1957,15660,16009
"TENNESSEE","TN",1958,27544,18631
"TENNESSEE","TN",1959,9720,17336
"TENNESSEE","TN",1960,19158,19099
"TENNESSEE","TN",1961,14600,14955
"TENNESSEE","TN",1962,24474,17758
"TENNESSEE","TN",1963,6825,15693
"TENNESSEE","TN",1964,23734,15359
"TENNESSEE","TN",1965,8830,10878
"TENNESSEE","TN",1966,12931,9526
"TENNESSEE","TN",1967,2068,4783
"TENNESSEE","TN",1968,65,3124
"TENNESSEE","TN",1969,19,736
"TENNESSEE","TN",1970,539,362
"TENNESSEE","TN",1971,990,382
"TENNESSEE","TN",1972,195,389
"TENNESSEE","TN",1973,165,317
"TEXAS","TX",1953,73734,54959
"TEXAS","TX",1954,75953,55065
"TEXAS","TX",1955,39214,59845
"TEXAS","TX",1956,66685,61558
"TEXAS","TX",1957,43640,53151
"TEXAS","TX",1958,82299,55244
"TEXAS","TX",1959,33917,45129
"TEXAS","TX",1960,49678,49784
"TEXAS","TX",1961,16111,36664
"TEXAS","TX",1962,66915,37751
"TEXAS","TX",1963,16697,33700
"TEXAS","TX",1964,39353,35530
"TEXAS","TX",1965,29423,24804
"TEXAS","TX",1966,25264,22494
"TEXAS","TX",1967,13283,15601
"TEXAS","TX",1968,5146,11369
"TEXAS","TX",1969,4890,8118
"TEXAS","TX",1970,8260,5773
"TEXAS","TX",1971,9013,4842
"TEXAS","TX",1972,1554,3899
"TEXAS","TX",1973,493,2303
"UTAH","UT",1953,5865,4408
"UTAH","UT",1954,7823,4390
"UTAH","UT",1955,797,6259
"UTAH","UT",1956,2299,5862
"UTAH","UT",1957,14512,5464
"UTAH","UT",1958,3877,6298
"UTAH","UT",1959,5837,6175
"UTAH","UT",1960,4966,4097
"UTAH","UT",1961,1681,3938
"UTAH","UT",1962,4125,3280
"UTAH","UT",1963,3080,3169
"UTAH","UT",1964,2550,2973
"UTAH","UT",1965,4407,2225
"UTAH","UT",1966,703,1613
"UTAH","UT",1967,385,1105
"UTAH","UT",1968,21,232
"UTAH","UT",1969,11,157
"UTAH","UT",1970,38,112
"UTAH","UT",1971,331,109
"UTAH","UT",1972,160,109
"UTAH","UT",1973,3,173
"VERMONT","VT",1953,1013,4105
"VERMONT","VT",1954,2866,3489
"VERMONT","VT",1955,6916,2992
"VERMONT","VT",1956,1285,3206
"VERMONT","VT",1957,2878,3040
"VERMONT","VT",1958,2087,2352
"VERMONT","VT",1959,2034,2326
"VERMONT","VT",1960,3475,2157
"VERMONT","VT",1961,1154,2062
"VERMONT","VT",1962,2037,2132
"VERMONT","VT",1963,1611,1724
"VERMONT","VT",1964,2381,1563
"VERMONT","VT",1965,1438,1164
"VERMONT","VT",1966,346,843
"VERMONT","VT",1967,42,367
"VERMONT","VT",1968,8,82
"VERMONT","VT",1969,3,37
"VERMONT","VT",1970,9,45
"VERMONT","VT",1971,123,67
"VERMONT","VT",1972,80,78
"VERMONT","VT",1973,121,85
"VIRGINIA","VA",1953,5231,12316
"VIRGINIA","VA",1954,23922,14201
"VIRGINIA","VA",1955,4433,12429
"VIRGINIA","VA",1956,23616,15690
"VIRGINIA","VA",1957,4944,13665
"VIRGINIA","VA",1958,21533,14258
"VIRGINIA","VA",1959,13801,11877
"VIRGINIA","VA",1960,7396,12820
"VIRGINIA","VA",1961,11709,9989
"VIRGINIA","VA",1962,9660,9623
"VIRGINIA","VA",1963,7377,8961
"VIRGINIA","VA",1964,11973,7077
"VIRGINIA","VA",1965,4086,5614
"VIRGINIA","VA",1966,2287,4210
"VIRGINIA","VA",1967,2346,1995
"VIRGINIA","VA",1968,356,1664
"VIRGINIA","VA",1969,898,1524
"VIRGINIA","VA",1970,2434,1071
"VIRGINIA","VA",1971,1588,1086
"VIRGINIA","VA",1972,77,915
"VIRGINIA","VA",1973,435,437
"WASHINGTON","WA",1953,11778,13469
"WASHINGTON","WA",1954,21490,12430
"WASHINGTON","WA",1955,10979,14754
"WASHINGTON","WA",1956,12842,14529
"WASHINGTON","WA",1957,16682,13123
"WASHINGTON","WA",1958,10654,13532
"WASHINGTON","WA",1959,14457,12700
"WASHINGTON","WA",1960,13023,13507
"WASHINGTON","WA",1961,8685,12362
"WASHINGTON","WA",1962,20714,13467
"WASHINGTON","WA",1963,4933,12370
"WASHINGTON","WA",1964,19978,11629
"WASHINGTON","WA",1965,7539,8622
"WASHINGTON","WA",1966,4979,7755
"WASHINGTON","WA",1967,5679,3771
"WASHINGTON","WA",1968,598,2399
"WASHINGTON","WA",1969,62,1630
"WASHINGTON","WA",1970,678,692
"WASHINGTON","WA",1971,1133,750
"WASHINGTON","WA",1972,987,753
"WASHINGTON","WA",1973,888,677
"WEST VIRGINIA","WV",1953,6223,6011
"WEST VIRGINIA","WV",1954,9612,7287
"WEST VIRGINIA","WV",1955,3973,6821
"WEST VIRGINIA","WV",1956,10903,8001
"WEST VIRGINIA","WV",1957,3394,7587
"WEST VIRGINIA","WV",1958,12125,7498
"WEST VIRGINIA","WV",1959,7538,6885
"WEST VIRGINIA","WV",1960,3528,8201
"WEST VIRGINIA","WV",1961,7842,8277
"WEST VIRGINIA","WV",1962,9970,8633
"WEST VIRGINIA","WV",1963,12505,10893
"WEST VIRGINIA","WV",1964,9321,10446
"WEST VIRGINIA","WV",1965,14827,8752
"WEST VIRGINIA","WV",1966,5609,6323
"WEST VIRGINIA","WV",1967,1496,4507
"WEST VIRGINIA","WV",1968,362,1609
"WEST VIRGINIA","WV",1969,239,603
"WEST VIRGINIA","WV",1970,337,359
"WEST VIRGINIA","WV",1971,583,332
"WEST VIRGINIA","WV",1972,276,331
"WEST VIRGINIA","WV",1973,226,308
"WISCONSIN","WI",1953,40799,36032
"WISCONSIN","WI",1954,10302,34705
"WISCONSIN","WI",1955,51365,33227
"WISCONSIN","WI",1956,26782,37867
"WISCONSIN","WI",1957,36888,38801
"WISCONSIN","WI",1958,64000,37167
"WISCONSIN","WI",1959,14972,39290
"WISCONSIN","WI",1960,43191,34871
"WISCONSIN","WI",1961,37401,33693
"WISCONSIN","WI",1962,14793,33783
"WISCONSIN","WI",1963,58107,29114
"WISCONSIN","WI",1964,15425,28038
"WISCONSIN","WI",1965,19843,25506
"WISCONSIN","WI",1966,32023,14161
"WISCONSIN","WI",1967,2131,11209
"WISCONSIN","WI",1968,1384,7514
"WISCONSIN","WI",1969,666,1880
"WISCONSIN","WI",1970,1367,2141
"WISCONSIN","WI",1971,3850,2136
"WISCONSIN","WI",1972,3436,2128
"WISCONSIN","WI",1973,1361,2149
"WYOMING","WY",1953,1449,1160
"WYOMING","WY",1954,1148,1120
"WYOMING","WY",1955,561,1075
"WYOMING","WY",1956,1999,1058
"WYOMING","WY",1957,217,1008
"WYOMING","WY",1958,1365,1035
"WYOMING","WY",1959,900,732
"WYOMING","WY",1960,694,784
"WYOMING","WY",1961,484,577
"WYOMING","WY",1962,476,454
"WYOMING","WY",1963,329,465
"WYOMING","WY",1964,286,413
"WYOMING","WY",1965,750,340
"WYOMING","WY",1966,226,285
"WYOMING","WY",1967,107,229
"WYOMING","WY",1968,55,81
"WYOMING","WY",1969,8,53
"WYOMING","WY",1970,11,42
"WYOMING","WY",1971,85,44
"WYOMING","WY",1972,51,46
"WYOMING","WY",1973,66,44
